CALLS,,PUTS
,OI,CHNG IN OI,VOLUME,IV,LTP,CHNG,BID QTY,BID,ASK,ASK QTY,STRIKE,BID QTY,BID,ASK,ASK QTY,CHNG,LTP,IV,VOLUME,CHNG IN OI,OI,
,116,-8,10,72.18,"3,100.00",-20.80,65,"3,042.15","3,101.30",130,"21,200.00","24,050",0.40,0.45,"40,495",-0.30,0.45,43.71,"49,395","-2,774","42,036",
,1,-,-,60.38,"2,971.00",-,130,"2,983.45","3,097.65",780,"21,250.00","13,975",0.40,0.50,260,-0.30,0.50,43.41,"4,528",872,"2,421",
,57,-,-,-,"3,070.00",-,65,"2,723.95","3,046.10",780,"21,300.00","44,525",0.40,0.45,"2,600",-0.30,0.40,41.88,"15,213",50,"13,173",
,-,-,-,-,-,-,780,"2,701.65","2,997.75",780,"21,350.00","1,495",0.50,0.60,910,-0.20,0.60,42.71,717,77,902,
,1,-1,2,83.24,"2,940.75",324.45,65,"2,819.55","2,946.55",780,"21,400.00","16,185",0.45,0.55,"24,895",-0.30,0.45,40.92,"14,031",-3,"9,238",
,-,-,-,-,-,-,780,"2,667.50","2,897.95",780,"21,450.00","1,430",0.50,0.65,650,-0.35,0.50,40.61,895,242,773,
,"4,726",-198,282,53.94,"2,782.75",-10.20,650,"2,780.30","2,783.85",65,"21,500.00",975,0.55,0.60,520,-0.35,0.50,39.91,"22,573",-938,"24,062",
,-,-,-,-,-,-,780,"2,508.90","2,797.30",390,"21,550.00",130,0.55,0.70,130,-0.25,0.60,39.87,"1,043",219,648,
,-,-,-,-,-,-,780,"2,547.55","2,747.80",780,"21,600.00","7,150",0.45,0.55,65,-0.10,0.75,40.00,"6,247",103,"3,248",
,-,-,-,-,-,-,390,"2,423.55","2,697.80","1,690","21,650.00",715,0.50,0.75,130,-0.15,0.75,39.28,"1,032",115,627,
,10,-,-,56.19,"2,535.00",-,65,"2,530.50","2,648.80",780,"21,700.00","1,885",0.50,0.75,130,-0.30,0.55,37.45,"6,600",-430,"3,836",
,-,-,-,-,-,-,780,"2,397.35","2,597.90",780,"21,750.00","4,160",0.50,0.85,130,-0.05,0.90,38.54,"1,222",10,893,
,1,-,-,57.37,"2,540.00",-,65,"2,343.05","2,545.00",780,"21,800.00","10,530",0.50,0.75,325,-0.20,0.75,37.13,"14,571",-329,"5,325",
,-,-,-,-,-,-,780,"2,344.05","2,497.65",780,"21,850.00","1,690",0.70,0.90,"1,040",-0.30,0.70,36.17,"2,108",125,741,
,6,-,-,53.60,"2,340.00",-,65,"2,322.55","2,447.55",390,"21,900.00",910,0.65,0.90,780,-0.30,0.70,35.45,"9,067",-107,"3,886",
,-,-,-,-,-,-,780,"2,254.25","2,397.50",780,"21,950.00","1,300",0.65,0.95,"1,495",-0.35,0.70,34.74,"3,000",398,"1,258",
,"6,624","-1,597","1,886",44.25,"2,282.50",-12.30,325,"2,280.30","2,288.40",65,"22,000.00","1,105",0.75,0.85,325,-0.15,0.90,34.90,"98,187","-11,673","59,913",
,-,-,-,-,-,-,390,"2,030.45","2,297.80",390,"22,050.00","1,885",0.85,1.00,"4,095",-0.35,0.85,33.97,"7,414",789,"2,026",
,-,-,-,-,-,-,780,"2,060.55","2,247.75",780,"22,100.00","5,460",0.80,0.90,975,-0.30,0.85,33.25,"31,601","1,263","11,004",
,2,-,-,-,"2,147.40",-,65,"2,090.15","2,185.55",780,"22,150.00","5,525",0.75,0.95,975,-0.50,0.75,32.12,"24,809","1,404","4,762",
,5,-1,1,52.96,"2,105.20",-17.05,65,"2,038.55","2,136.10",780,"22,200.00","65,390",0.85,0.95,715,-0.40,0.85,31.80,"27,018","-1,375","9,727",
,1,-,-,-,"1,585.40",-,65,"1,910.00","2,100.55",780,"22,250.00","1,755",0.60,1.15,"11,310",-0.60,0.80,30.89,"22,120",731,"4,409",
,28,-,-,58.98,"2,113.80",-,65,"1,936.60","1,986.30",130,"22,300.00","4,420",0.90,1.15,130,-0.45,0.95,30.71,"44,442","-1,346","9,216",
,2,-,-,-,"1,780.00",-,65,"1,894.45","1,992.85",780,"22,350.00",845,0.95,1.20,260,-0.40,1.05,30.31,"18,980","-1,196","2,836",
,31,-,-,-,"1,702.75",-,65,"1,847.55","1,937.25",780,"22,400.00","21,970",1.00,1.10,260,-0.45,1.00,29.42,"23,299",-350,"5,498",
,1,-,-,-,"2,199.25",-,65,"1,784.20","1,889.40",845,"22,450.00",65,1.15,1.30,260,-0.35,1.15,29.12,"12,565","-1,561","2,754",
,"2,822","-1,013","1,313",37.35,"1,785.60",-9.95,650,"1,781.25","1,784.90",65,"22,500.00","2,405",1.20,1.30,"1,235",-0.30,1.25,28.65,"2,23,354","12,190","86,920",
,22,-2,2,-,"1,719.00",-0.55,65,"1,711.95","1,777.60",65,"22,550.00","6,500",0.80,1.30,780,-0.30,1.30,28.02,"23,030",-175,"4,029",
,35,-11,12,37.47,"1,689.00",4.75,65,"1,655.35","1,736.45",390,"22,600.00","1,300",1.20,1.35,975,-0.35,1.20,27.03,"29,892","-1,455","5,286",
,33,-,-,-,"1,637.05",-,65,"1,603.05","1,688.00",780,"22,650.00",130,1.25,1.45,"3,510",-0.25,1.40,26.75,"11,596",628,"2,399",
,72,-6,8,40.59,"1,601.00",3.10,65,"1,569.65","1,601.90",325,"22,700.00","6,305",1.10,1.40,"2,145",-0.15,1.40,25.99,"79,403","-9,025","14,812",
,7,-,-,33.55,"1,568.35",-,65,"1,328.25","1,599.25","1,690","22,750.00","2,275",1.35,1.40,715,-0.45,1.35,25.13,"30,091",51,"4,808",
,72,-6,8,37.71,"1,498.95",-49.05,65,"1,469.55","1,549.60",390,"22,800.00","4,875",1.05,1.55,130,-0.70,1.05,23.69,"86,629","-2,660","22,898",
,29,-,-,-,"1,435.65",-,65,"1,404.55","1,501.65",780,"22,850.00","2,665",1.40,1.60,130,-0.30,1.50,23.92,"43,743",568,"7,845",
,60,-15,29,33.68,"1,393.90",26.90,65,"1,352.30","1,435.75",780,"22,900.00","2,990",1.50,1.65,585,-0.35,1.55,23.25,"94,329",736,"30,042",
,2,-1,1,34.85,"1,350.00",-230.55,65,"1,297.30","1,356.75",65,"22,950.00",325,1.30,1.70,130,-0.30,1.65,22.66,"37,482",877,"5,180",
,"3,921","-1,360","2,416",28.55,"1,287.00",-6.15,65,"1,284.30","1,288.50",65,"23,000.00","12,220",1.55,1.65,"1,300",-0.40,1.55,21.71,"4,32,352","22,948","1,77,746",
,6,-,-,-,"1,088.05",-,65,"1,195.25","1,301.45",845,"23,050.00","1,300",1.40,1.75,975,-0.60,1.50,20.86,"55,934","2,350","6,947",
,65,-9,17,30.77,"1,197.45",-24.05,65,"1,154.90","1,249.25",780,"23,100.00",325,1.40,1.70,390,-0.45,1.75,20.49,"1,61,973","11,451","28,812",
,10,1,1,29.52,"1,146.90",28.00,65,"1,109.15","1,154.40",780,"23,150.00","6,760",1.45,1.75,715,-1.05,1.45,19.24,"1,67,578","-2,925","20,044",
,297,-10,111,27.81,"1,095.00",-2.50,65,"1,074.40","1,101.10",65,"23,200.00","41,990",1.70,1.75,780,-0.55,1.70,18.85,"2,82,072","6,520","60,094",
,32,1,11,26.75,"1,045.00",-30.10,65,990.15,"1,092.95",390,"23,250.00",65,1.75,1.90,390,-0.85,1.60,17.93,"1,33,851","13,198","24,564",
,414,26,131,21.43,984.50,-11.95,260,948.90,"1,039.20",390,"23,300.00",325,1.80,1.90,845,-0.70,1.80,17.42,"2,81,936","12,378","59,277",
,38,-9,44,18.69,931.60,-18.40,65,886.30,990.90,390,"23,350.00","2,015",2.05,2.20,780,-0.45,2.20,17.09,"1,04,235",-832,"10,683",
,439,-6,48,18.92,883.40,-9.65,65,868.15,936.10,65,"23,400.00","8,840",2.10,2.30,"5,850",-0.80,2.10,16.17,"4,05,051","-2,352","62,262",
,37,1,1,20.19,838.25,-39.10,65,807.45,892.20,390,"23,450.00",65,2.30,2.40,325,-0.85,2.15,15.41,"2,24,273",-617,"17,469",
,"6,012",-453,"2,296",18.73,787.10,-7.30,65,784.00,788.15,325,"23,500.00","1,170",2.40,2.50,65,-0.85,2.40,14.83,"7,22,998","15,592","1,62,781",
,202,14,104,19.61,742.70,-4.05,65,717.85,781.85,780,"23,550.00","7,475",2.40,2.60,325,-0.75,2.60,14.17,"2,82,905","2,268","27,152",
,"3,529",-81,383,17.03,688.00,-7.15,65,685.00,690.10,65,"23,600.00",260,2.60,2.80,520,-1.05,2.60,13.33,"4,87,728","-8,471","79,196",
,556,-7,184,16.05,638.15,-5.15,130,630.85,640.90,130,"23,650.00","2,340",2.60,2.95,325,-1.05,3.00,12.77,"2,80,767",291,"29,936",
,"2,635",-208,"1,336",11.86,580.90,-16.85,65,582.10,588.90,65,"23,700.00","1,560",3.00,3.10,325,-1.45,3.10,11.96,"5,35,325","3,981","1,06,965",
,695,-55,369,14.58,540.25,-8.90,65,534.70,537.15,325,"23,750.00","1,495",3.30,3.60,325,-1.85,3.55,11.34,"3,57,019","2,979","37,832",
,"9,375",-217,"8,542",12.75,487.65,-10.60,65,484.15,490.95,65,"23,800.00","3,315",3.70,4.05,585,-2.55,4.10,10.72,"6,60,186","-10,280","1,14,112",
,"1,077",-58,"2,360",11.93,438.50,-11.90,"1,495",436.35,438.50,325,"23,850.00",975,4.50,4.80,325,-3.40,4.75,10.07,"4,18,382","-9,514","48,673",
,"4,206",-524,"18,591",11.06,389.40,-13.45,195,386.55,389.40,325,"23,900.00","1,430",5.75,6.05,520,-4.55,5.90,9.53,"6,68,731",-902,"1,02,729",
,"3,079",-170,"12,235",10.46,341.75,-14.90,65,338.75,341.20,390,"23,950.00",520,7.60,7.90,"72,995",-5.90,7.85,9.10,"5,09,007","4,753","53,362",
,"90,081","-4,319","1,86,852",9.49,292.80,-17.95,130,292.10,294.00,130,"24,000.00","1,690",11.10,11.15,195,-7.30,11.10,8.78,"16,12,499","21,410","2,72,916",
,"8,812",-631,"68,269",9.25,248.70,-18.50,130,247.05,248.45,390,"24,050.00",260,15.45,15.75,325,-8.85,15.40,8.42,"7,39,688","3,154","51,716",
,"42,488","-4,554","4,56,252",8.60,203.65,-21.20,260,203.60,204.75,325,"24,100.00",455,21.90,22.10,390,-10.45,21.85,8.12,"14,55,956","9,401","1,26,669",
,"18,498",-768,"5,44,364",8.33,163.55,-22.35,130,163.55,164.55,325,"24,150.00","1,495",31.50,31.75,260,-11.05,31.50,7.90,"14,73,665","21,444","93,014",
,"1,36,112","6,749","27,54,150",8.10,127.10,-23.35,520,127.35,128.25,195,"24,200.00",390,44.65,44.90,195,-11.70,44.65,7.68,"44,81,468","27,061","2,31,507",
,"1,04,152","39,989","33,51,257",8.02,96.25,-21.30,260,96.00,96.45,520,"24,250.00",520,63.15,63.60,520,-10.70,63.50,7.60,"42,13,154","28,889","1,05,466",
,"2,07,228","56,676","40,41,618",7.99,70.70,-18.90,195,70.30,70.70,65,"24,300.00",520,86.65,87.00,455,-9.20,86.85,7.47,"35,38,893","31,740","1,46,775",
,"68,629","21,636","18,37,047",7.86,49.10,-17.10,260,49.00,49.25,520,"24,350.00",260,115.30,116.75,260,-7.35,115.40,7.33,"11,88,163",-233,"30,447",
,"1,43,352","16,880","19,60,978",7.81,33.00,-14.35,975,32.80,33.20,65,"24,400.00",520,148.60,149.15,"1,690",-4.30,148.70,7.14,"10,15,004",-664,"47,957",
,"56,811","14,812","9,63,191",7.80,21.40,-11.20,455,21.25,21.40,195,"24,450.00",260,187.45,188.90,195,-2.00,187.25,7.00,"2,40,413",-41,"8,677",
,"2,00,444","7,911","16,63,955",7.88,13.75,-8.15,780,13.45,13.75,130,"24,500.00",65,229.00,229.70,65,1.35,229.50,6.80,"3,03,410","-5,792","55,793",
,"75,703","29,116","8,12,539",7.94,8.50,-5.90,"2,990",8.50,8.65,130,"24,550.00",260,272.65,277.10,130,4.55,275.05,6.64,"32,379",-105,"2,828",
,"1,30,716","4,075","8,78,248",8.12,5.45,-3.80,65,5.55,5.65,260,"24,600.00",130,319.85,321.90,65,7.05,321.90,5.85,"54,021","-1,172","13,439",
,"52,492","7,986","4,22,356",8.45,3.80,-2.40,"11,895",3.80,3.95,260,"24,650.00","1,625",369.00,371.95,130,7.50,368.90,-,"6,554",-162,"2,636",
,"1,04,609","-11,641","5,62,990",8.93,2.95,-1.20,"5,980",2.90,2.95,195,"24,700.00",130,416.95,419.85,"1,625",12.15,419.85,-,"10,551","-1,503","11,818",
,"50,745","19,040","3,24,590",9.43,2.35,-0.75,390,2.30,2.35,"1,105","24,750.00",130,465.45,470.55,195,9.20,469.15,-,"1,139",-41,"1,435",
,"1,10,857","4,534","5,21,018",9.91,1.90,-0.55,"19,890",1.75,1.90,390,"24,800.00","1,755",516.55,521.45,260,7.35,516.40,-,"4,285","-1,118","6,159",
,"36,912","11,174","2,19,416",10.48,1.65,-0.40,"6,955",1.55,1.65,"7,995","24,850.00","1,755",565.85,572.90,130,11.05,566.10,-,181,64,817,
,"56,108","5,116","2,92,392",11.10,1.50,-0.20,"8,255",1.40,1.50,"4,485","24,900.00",65,613.55,621.60,65,11.90,618.35,-,935,-248,"2,062",
,"17,994","-3,147","1,09,896",11.63,1.30,-0.25,"2,145",1.20,1.30,"1,235","24,950.00",130,662.60,671.35,65,11.15,666.90,-,72,-1,303,
,"1,80,772","-2,676","5,19,167",12.36,1.30,-0.15,845,1.25,1.30,"1,300","25,000.00",65,715.70,717.95,"1,885",11.15,717.95,-,"10,615","-4,516","20,520",
,"18,115","3,874","93,837",12.74,1.05,-0.15,"23,335",1.00,1.05,"55,965","25,050.00",780,738.70,772.75,65,2.35,764.35,-,206,14,159,
,"55,553","8,344","2,63,404",13.28,0.95,-0.15,"4,26,010",0.90,0.95,975,"25,100.00",65,812.05,822.85,65,12.25,815.00,-,124,-63,"1,293",
,"11,101",-468,"65,456",13.88,0.90,-0.10,"8,255",0.90,0.95,"3,510","25,150.00",780,841.05,882.50,65,-33.75,859.85,-,14,3,40,
,"78,507","1,936","3,14,813",14.47,0.85,-0.05,"1,49,045",0.80,0.85,"1,92,010","25,200.00",65,912.55,925.30,130,12.50,918.15,-,332,-216,"1,451",
,"23,691","9,989","94,031",15.04,0.80,-,"1,02,570",0.80,0.85,"1,365","25,250.00",390,913.00,988.40,65,-,933.00,-,-,-,25,
,"68,289","-2,125","1,69,612",15.35,0.65,-0.10,"5,84,740",0.65,0.70,"1,53,920","25,300.00",65,"1,009.40","1,020.60",65,7.45,"1,012.00",-,88,-24,"1,087",
,"7,391","-2,344","29,905",15.86,0.60,-0.10,"1,31,235",0.60,0.65,"9,295","25,350.00",780,972.25,"1,092.95",65,-,"1,212.25",41.88,-,-,24,
,"69,938","3,112","2,29,558",16.35,0.55,-0.05,"11,15,595",0.55,0.60,"4,52,140","25,400.00",65,"1,108.30","1,123.00",65,10.05,"1,116.25",-,7,-5,557,
,"7,085",954,"26,411",17.14,0.60,-0.05,"84,955",0.55,0.60,"9,100","25,450.00",780,"1,059.35","1,200.15",65,-,"1,170.00",31.79,-,-,16,
,"1,37,795","2,418","3,13,699",17.61,0.55,-0.05,"6,42,200",0.55,0.60,"3,68,940","25,500.00",130,"1,213.90","1,218.80",65,11.80,"1,219.00",-,"10,776","-8,344","9,597",
,"11,765",317,"35,556",18.06,0.50,-0.05,"88,725",0.50,0.55,"21,515","25,550.00",780,"1,212.90","1,292.40",65,181.90,"1,261.90",-,9,-5,79,
,"53,188","-12,965","1,81,234",18.68,0.50,-,"4,76,125",0.45,0.50,"2,16,125","25,600.00",780,"1,261.70","1,335.25",65,3.55,"1,312.00",-,39,-19,208,
,"12,247",35,"20,594",19.10,0.45,-0.05,"76,310",0.45,0.50,"47,580","25,650.00",780,"1,233.85","1,450.85",780,-,"1,500.00",46.91,-,-,11,
,"30,006","-6,968","53,333",19.70,0.45,-,"1,58,730",0.45,0.50,"1,66,855","25,700.00",325,"1,400.00","1,452.95",65,31.00,"1,411.00",-,85,-42,227,
,"10,449",-432,"12,882",20.08,0.40,-0.10,"2,20,285",0.40,0.45,"4,550","25,750.00",390,"1,326.60","1,512.20",975,-,"1,621.15",52.07,-,-,4,
,"21,851",-859,"40,899",20.67,0.40,-0.05,"5,08,755",0.40,0.45,"1,35,785","25,800.00",780,"1,480.05","1,533.50",65,2.00,"1,510.00",-,19,-10,167,
,"3,232",151,"5,567",21.51,0.45,-0.05,"2,470",0.45,0.55,"3,250","25,850.00",845,"1,456.30","1,596.95",130,-,"1,598.00",-,-,-,13,
,"12,386","-2,156","41,833",21.86,0.40,-0.05,"2,93,605",0.40,0.45,"4,745","25,900.00",780,"1,493.50","1,650.05",65,102.70,"1,622.70",27.47,21,-7,60,
,"3,653",-11,"6,400",22.44,0.40,-,"23,660",0.40,0.45,"1,105","25,950.00",780,"1,610.00","1,720.60",780,-,"1,816.75",55.73,-,-,2,
,"77,400","-20,625","1,15,409",23.29,0.45,-,"6,62,090",0.40,0.45,"15,405","26,000.00",65,"1,715.70","1,723.05",130,14.05,"1,719.60",20.06,"7,829","-4,816","23,860",
,"2,581",242,"5,615",23.61,0.40,-0.05,"18,590",0.40,0.45,"13,000","26,050.00",780,"1,709.85","1,814.15",65,-,"1,762.00",-,-,-,4,
,"4,358",-326,"7,902",24.46,0.45,-,"6,565",0.40,0.45,"42,900","26,100.00",195,"1,812.45","1,846.30",65,-11.50,"1,810.30",-,139,-104,290,
,"1,401",54,"2,243",24.77,0.40,-0.05,"4,810",0.40,0.45,"3,315","26,150.00",780,"1,726.85","1,965.95",780,-,-,-,-,-,-,
,"5,185",-74,"6,527",25.04,0.35,-0.10,"2,05,725",0.35,0.40,"6,565","26,200.00",65,"1,903.45","2,038.15",65,17.85,"1,909.85",-,87,-46,625,
,"1,093",103,"2,373",25.60,0.35,-0.20,"22,490",0.35,0.40,"1,950","26,250.00",780,"1,811.90","2,077.45",65,-,"2,145.80",66.22,-,-,1,
,"10,550",-516,"6,835",26.17,0.35,-0.10,"26,390",0.35,0.40,"1,755","26,300.00",195,"2,008.80","2,023.60",130,-4.40,"2,007.20",-,"1,225",-954,"5,126",
,497,112,698,27.06,0.40,-0.05,"1,300",0.40,0.45,65,"26,350.00",780,"1,904.25","2,119.75",845,-,"1,699.45",21.23,-,-,1,
,"2,608",690,"4,972",27.29,0.35,-0.10,"14,820",0.35,0.40,"1,820","26,400.00",780,"1,909.35","2,233.35",780,-,"1,670.00",-,-,-,2,
,561,292,"1,068",27.85,0.35,-0.15,"26,650",0.35,0.40,65,"26,450.00",780,"2,076.50","2,222.45",780,-,-,-,-,-,-,
,"4,002",379,"11,966",28.41,0.35,-0.15,"72,475",0.35,0.40,"6,305","26,500.00",195,"2,082.00","2,240.25",195,25.25,"2,207.75",-,6,-3,88,
,297,15,410,29.62,0.45,-0.05,"11,895",0.35,0.50,780,"26,550.00",780,"2,153.40","2,322.20",780,-,-,-,-,-,-,
,923,169,"1,437",29.51,0.35,-0.15,"1,690",0.35,0.50,"4,550","26,600.00",780,"2,254.10","2,403.65",780,-,-,-,-,-,-,
,315,12,"2,335",30.06,0.35,-0.15,"2,405",0.35,0.40,390,"26,650.00",780,"2,198.15","2,466.60",780,-,-,-,-,-,-,
,737,16,"1,268",30.61,0.35,-0.15,"7,150",0.35,0.40,"3,445","26,700.00",780,"2,245.60","2,527.85",780,-,-,-,-,-,-,
,266,104,576,32.17,0.50,0.05,"4,875",0.35,0.50,"1,105","26,750.00",780,"2,360.40","2,555.05",780,-,-,-,-,-,-,
,994,-611,"5,806",31.70,0.35,-0.20,"1,430",0.35,0.45,845,"26,800.00",780,"2,443.20","2,572.45",780,-,"2,250.00",39.43,-,-,2,
,337,95,707,32.25,0.35,-0.15,910,0.35,0.40,"1,755","26,850.00",780,"2,387.55","2,710.90",780,-,-,-,-,-,-,
,"1,968",211,"2,762",32.36,0.30,-0.15,"61,295",0.30,0.40,845,"26,900.00",780,"2,434.80","2,707.30",780,-,"2,650.00",-,-,-,1,
,178,-9,270,34.40,0.50,-,650,0.35,0.50,"2,925","26,950.00",780,"2,482.15","2,759.00",780,-,-,-,-,-,-,
,"2,953",369,"4,479",33.42,0.30,-0.15,"1,83,690",0.30,0.40,"15,600","27,000.00",260,"2,518.65","2,810.50",65,-4.25,"2,710.75",-,31,-13,634,
,466,-,245,34.80,0.40,-,"6,695",0.30,0.40,195,"27,050.00",780,"2,577.35","2,859.50",780,-,-,-,-,-,-,
,"1,366",160,"2,999",34.48,0.30,-0.10,"45,565",0.30,0.35,"4,290","27,100.00",780,"2,736.75","2,877.50",780,-,"2,800.00",-,-,-,2,
,"1,240",523,"2,275",35.01,0.30,-0.05,"8,970",0.30,0.35,"11,245","27,150.00",780,"2,724.30","2,932.55",780,-,-,-,-,-,-,
,"5,236",-913,"15,281",36.00,0.35,-0.05,"32,955",0.30,0.35,"95,550","27,200.00",780,"2,852.80","2,974.55",780,0.75,"2,941.10",-,-,-,18,
